Rk,School_trim,Games,Wins,Losses,Win%,SimpleRatingSystem,StrengthOfSchedule,W_conf,L_conf,W_home,L_home,W_away,L_away,Points_made,Points_allowed.,MP,FG,FGA,FG%,3P,3PA,3P%,FT,FTA,FT%,ORB,TRB,AST,STL,BLK,TOV,PF
1,AbileneChristian,26,22,4,0.846,5.1,-8.58,13,2,13,0,5,4,2017,1589,1040,720,1564,0.46,203,584,0.348,374,560,0.668,294,927,472,256,81,358,509
2,AirForce,25,5,20,0.2,-12.98,0.22,3,17,3,8,1,10,1468,1798,1000,522,1170,0.446,174,527,0.33,250,361,0.693,110,580,308,177,62,361,415
3,Akron,23,15,8,0.652,2.88,-0.93,12,6,9,1,5,5,1798,1660,930,628,1415,0.444,217,652,0.333,325,429,0.758,262,895,305,113,84,271,413
4,AlabamaA&M,15,6,9,0.4,-19.17,-15.31,4,9,5,2,1,7,950,1008,610,347,868,0.4,83,286,0.29,173,276,0.627,160,577,165,82,54,229,273
5,Alabama-Birmingham,29,22,7,0.759,5.88,-3.75,13,5,15,2,6,4,2105,1748,1160,788,1746,0.451,147,475,0.309,382,549,0.696,311,1063,308,231,121,304,441
6,AlabamaState,18,4,14,0.222,-24.67,-17.33,4,14,3,6,1,8,1156,1288,720,383,1009,0.38,111,350,0.317,279,431,0.647,205,653,175,110,43,291,343
7,Alabama,28,22,6,0.786,20.25,9.96,16,2,12,1,7,3,2234,1946,1120,776,1794,0.433,301,848,0.355,381,530,0.719,337,1123,401,245,119,394,522
8,Albany(NY),16,7,9,0.438,-3.68,-4.37,6,6,4,5,2,4,1110,1099,640,395,883,0.447,102,303,0.337,218,301,0.724,110,480,187,98,29,201,285
9,AlcornState,19,6,13,0.316,-19.96,-10.43,6,7,4,3,2,9,1256,1437,760,435,1107,0.393,113,376,0.301,273,376,0.726,206,608,177,144,30,276,394
10,American,10,4,6,0.4,-2.66,1.84,4,5,2,2,2,4,691,736,420,248,557,0.445,90,238,0.378,105,149,0.705,78,326,128,73,47,158,193
11,AppalachianState,28,17,11,0.607,-5.27,-5.18,7,8,9,4,4,7,1986,1806,1145,674,1626,0.415,227,701,0.324,411,558,0.737,307,1007,333,225,97,329,386
12,ArizonaState,25,11,14,0.44,5.39,8.15,7,10,7,6,2,6,1858,1927,1010,656,1515,0.433,179,537,0.333,367,504,0.728,196,797,327,182,82,274,478
13,Arizona,26,17,9,0.654,12.76,5.91,11,9,12,4,5,5,1961,1783,1050,667,1492,0.447,174,468,0.372,453,623,0.727,305,997,403,152,104,309,463
14,LittleRock,26,11,15,0.423,-6.22,-5.26,7,11,7,4,2,8,1786,1782,1050,638,1401,0.455,147,472,0.311,363,517,0.702,261,898,354,165,86,392,415
15,Arkansas-PineBluff,25,4,21,0.16,-22.83,-7.95,3,12,2,3,2,17,1549,1921,1010,524,1356,0.386,123,400,0.308,378,523,0.723,240,807,240,160,95,394,455
16,ArkansasState,24,11,13,0.458,-7.9,-5.81,7,8,9,3,1,9,1741,1667,965,621,1390,0.447,154,402,0.383,345,478,0.722,265,892,347,158,68,313,385
17,Arkansas,27,22,5,0.815,18.42,6.01,13,4,16,1,5,4,2236,1901,1085,798,1749,0.456,214,623,0.343,426,574,0.742,318,1077,403,217,139,352,458
18,Army,21,12,9,0.571,4.9,5,7,7,5,5,5,3,1511,1452,845,563,1225,0.46,166,502,0.331,219,345,0.635,169,728,304,133,30,263,325
19,Auburn,27,13,14,0.481,10.31,9.57,7,11,8,5,3,8,2084,2064,1090,711,1628,0.437,245,751,0.326,417,589,0.708,348,1063,400,168,163,438,482
20,AustinPeay,27,14,13,0.519,-6.28,-7.84,10,10,8,5,4,6,2007,1890,1090,733,1617,0.453,194,573,0.339,347,462,0.751,341,931,357,183,54,397,472
21,BallState,23,10,13,0.435,-1,-0.26,8,9,7,4,3,8,1719,1736,930,613,1384,0.443,195,570,0.342,298,397,0.751,229,848,318,126,54,330,441
22,Baylor,24,22,2,0.917,23.37,5.41,13,1,11,0,7,1,2025,1594,965,746,1513,0.493,248,593,0.418,285,409,0.697,309,875,409,215,90,298,412
23,Bellarmine,20,13,7,0.65,-1.86,-6.14,10,3,6,4,7,2,1486,1307,800,562,1091,0.515,128,341,0.375,234,314,0.745,159,608,316,143,42,222,307
24,Belmont,30,26,4,0.867,3.95,-8.23,18,2,11,1,10,2,2439,2074,1205,894,1829,0.489,271,787,0.344,380,515,0.738,264,1072,547,232,87,361,438
25,Binghamton,18,4,14,0.222,-11.47,-4.58,4,10,1,9,3,5,1178,1302,735,430,1039,0.414,156,472,0.331,162,241,0.672,191,642,199,90,55,250,307
26,BoiseState,26,18,8,0.692,9.65,0.89,14,6,11,1,6,6,1981,1725,1045,693,1522,0.455,199,582,0.342,396,532,0.744,239,929,348,172,76,299,443
27,BostonCollege,20,4,16,0.2,1.76,9.91,2,11,3,5,0,7,1427,1590,805,500,1186,0.422,180,546,0.33,247,352,0.702,183,666,230,143,77,274,324
28,BostonUniversity,18,7,11,0.389,1.39,5.94,6,10,2,6,5,5,1249,1331,720,451,1034,0.436,125,393,0.318,222,296,0.75,181,634,189,97,53,225,305
29,BowlingGreenState,25,14,11,0.56,1.17,-1.17,10,8,4,7,10,3,1963,1886,1010,702,1662,0.422,207,644,0.321,352,477,0.738,313,957,316,181,51,251,429
30,Bradley,28,12,16,0.429,0.61,1.45,6,12,8,6,2,9,1948,1864,1130,736,1636,0.45,192,603,0.318,284,393,0.723,284,1033,382,144,98,346,455
31,BrighamYoung,26,20,6,0.769,14.63,5.91,10,3,11,2,7,2,2047,1780,1055,751,1557,0.482,233,616,0.378,312,427,0.731,247,1024,431,123,73,346,468
32,Brown,0,0,0,,,,0,0,0,0,0,0,,,,,,,,,,,,,,,,,,,
33,Bryant,21,15,6,0.714,1.03,-5.72,10,4,10,1,5,5,1761,1571,840,609,1300,0.468,198,515,0.384,345,456,0.757,220,845,327,143,75,319,347
34,Bucknell,12,5,7,0.417,-3.8,-1.39,4,6,2,3,3,4,899,928,480,311,683,0.455,88,267,0.33,189,248,0.762,78,402,144,70,42,152,209
35,Buffalo,23,16,7,0.696,8.31,-1.28,12,5,8,3,5,3,1892,1664,930,714,1535,0.465,163,478,0.341,301,450,0.669,338,1015,378,190,93,319,411
36,Butler,25,10,15,0.4,5.85,11.01,8,12,8,4,1,9,1588,1717,1015,572,1393,0.411,179,554,0.323,265,410,0.646,230,807,308,139,51,286,406
37,CalPoly,24,4,20,0.167,-14.87,-2.83,1,15,3,8,0,11,1477,1700,965,520,1316,0.395,157,491,0.32,280,388,0.722,187,778,299,149,84,332,446
38,CalStateBakersfield,26,15,11,0.577,-1.6,-3.85,11,7,9,2,6,8,1811,1665,1045,684,1531,0.447,146,414,0.353,297,416,0.714,348,959,365,167,78,338,498
39,CalStateFullerton,16,6,10,0.375,-7.74,-4.48,5,9,5,4,1,5,1232,1257,645,430,951,0.452,131,341,0.384,241,326,0.739,140,526,218,107,32,205,271
40,CalStateNorthridge,22,9,13,0.409,-10.12,-3.4,5,9,4,7,4,4,1586,1709,885,560,1323,0.423,170,503,0.338,296,407,0.727,208,730,293,140,47,261,383
41,CaliforniaBaptist,23,13,10,0.565,-6.32,-6.11,6,6,11,4,2,5,1820,1674,925,634,1334,0.475,215,547,0.393,337,457,0.737,221,853,403,116,57,310,454
42,UC-Davis,18,10,8,0.556,-7.19,-5.6,7,5,4,3,4,3,1295,1289,735,449,1020,0.44,102,315,0.324,295,376,0.785,160,571,195,135,50,261,359
43,UC-Irvine,26,18,8,0.692,2.51,-2.66,13,4,10,1,6,6,1887,1633,1050,705,1561,0.452,129,378,0.341,348,460,0.757,296,1039,314,201,104,340,433
44,UC-Riverside,22,14,8,0.636,2.67,-3.88,10,5,5,4,7,3,1544,1400,890,572,1280,0.447,201,542,0.371,199,282,0.706,189,798,308,116,51,263,384
45,UC-SanDiego,17,7,10,0.412,-8.38,-0.45,4,10,7,3,0,7,1214,1226,685,447,973,0.459,188,500,0.376,132,207,0.638,99,501,294,116,37,225,232
46,UC-SantaBarbara,25,21,4,0.84,5.64,-4.45,15,3,11,0,8,4,1910,1570,1010,688,1419,0.485,168,480,0.35,366,486,0.753,232,881,411,189,72,278,400
47,UniversityofCalifornia,29,9,20,0.31,2.58,7.44,3,17,6,8,1,11,1897,2008,1160,661,1536,0.43,204,622,0.328,371,532,0.697,235,917,346,126,65,370,516
48,Campbell,27,17,10,0.63,-6.23,-6.75,11,6,9,3,6,7,1917,1840,1095,699,1409,0.496,195,520,0.375,324,478,0.678,165,767,387,165,61,327,459
49,Canisius,13,7,6,0.538,-7.87,-7.11,7,5,3,1,4,4,915,925,520,321,786,0.408,97,327,0.297,176,248,0.71,130,450,165,73,46,156,234
50,CentralArkansas,24,5,19,0.208,-14.98,-2.11,4,12,4,5,1,14,1701,1933,960,606,1388,0.437,170,468,0.363,319,445,0.717,246,889,322,121,64,419,433
51,CentralConnecticutState,21,5,16,0.238,-13.06,-4.2,5,13,3,6,2,9,1439,1625,840,522,1230,0.424,150,463,0.324,245,349,0.702,179,664,270,145,54,298,359
52,CentralFlorida,23,11,12,0.478,6.13,8.34,8,10,6,3,4,8,1546,1597,925,542,1262,0.429,180,507,0.355,282,387,0.729,216,765,285,157,79,340,389
53,CentralMichigan,23,7,16,0.304,-11.45,-3.3,3,13,5,7,2,9,1766,1835,920,631,1417,0.445,152,462,0.329,352,523,0.673,241,833,246,188,67,307,396
54,CharlestonSouthern,21,3,18,0.143,-16.12,-5.62,2,15,1,9,2,8,1375,1550,845,480,1182,0.406,160,506,0.316,255,357,0.714,214,778,217,129,80,346,385
55,Charlotte,25,9,16,0.36,-5.34,-2.09,5,11,6,7,3,8,1587,1668,1025,545,1261,0.432,143,441,0.324,354,484,0.731,172,778,282,136,73,335,364
56,Chattanooga,26,18,8,0.692,-1.09,-2.46,9,7,9,3,9,4,1888,1801,1050,667,1522,0.438,218,607,0.359,336,429,0.783,217,881,319,178,48,289,370
57,ChicagoState,9,0,9,0,-31.32,1.9,0,0,0,0,0,7,499,798,360,180,497,0.362,51,203,0.251,88,126,0.698,54,234,89,49,13,140,178
58,Cincinnati,21,11,10,0.524,4.89,6.7,8,6,5,5,5,5,1471,1509,840,526,1219,0.432,150,474,0.316,269,409,0.658,216,757,319,144,76,309,411
59,Citadel,25,13,12,0.52,-5.57,-0.95,5,11,11,3,1,8,2019,1959,1000,708,1566,0.452,256,720,0.356,347,495,0.701,237,944,389,136,108,302,405
60,Clemson,23,16,7,0.696,13.57,10.26,10,6,11,1,2,5,1502,1426,925,541,1264,0.428,192,555,0.346,228,298,0.765,198,751,305,140,66,292,361
61,ClevelandState,26,19,7,0.731,-4.05,-4.94,16,4,9,2,8,5,1858,1835,1065,684,1514,0.452,166,520,0.319,324,484,0.669,279,910,363,182,65,334,499
62,CoastalCarolina,23,16,7,0.696,-2.12,-8.12,9,5,12,1,3,5,1836,1535,925,652,1419,0.459,202,559,0.361,330,452,0.73,316,1005,356,195,96,344,380
63,Colgate,14,13,1,0.929,19.71,1.64,11,1,7,1,6,0,1210,957,565,441,887,0.497,122,315,0.387,206,280,0.736,138,567,244,99,51,143,220
64,CollegeofCharleston,19,9,10,0.474,-4.07,-2.24,6,4,8,6,1,3,1341,1329,780,481,1066,0.451,158,422,0.374,221,311,0.711,156,623,201,100,53,197,324
65,ColoradoState,24,18,6,0.75,8.67,-0.38,14,4,10,1,6,4,1791,1571,960,615,1294,0.475,205,569,0.36,356,451,0.789,182,843,348,132,61,327,413
66,Colorado,29,22,7,0.759,17.19,7.02,14,6,11,1,6,6,2123,1828,1160,749,1650,0.454,218,592,0.368,407,490,0.831,284,1018,387,157,82,324,472
67,Columbia,0,0,0,,,,0,0,0,0,0,0,,,,,,,,,,,,,,,,,,,
68,Connecticut,22,15,7,0.682,17.21,9.3,11,6,7,3,6,3,1596,1422,885,581,1323,0.439,148,440,0.336,286,391,0.731,290,839,287,136,116,258,415
69,CoppinState,22,9,13,0.409,-11.31,-4.99,8,4,5,3,4,9,1602,1741,880,529,1287,0.411,193,636,0.303,351,564,0.622,164,796,286,188,71,348,394
70,Cornell,0,0,0,,,,0,0,0,0,0,0,,,,,,,,,,,,,,,,,,,
71,Creighton,27,20,7,0.741,18.73,8.8,14,6,11,3,7,4,2107,1839,1090,780,1616,0.483,263,708,0.371,284,438,0.648,227,978,433,192,98,300,417
72,Dartmouth,0,0,0,,,,0,0,0,0,0,0,,,,,,,,,,,,,,,,,,,
73,Davidson,21,13,8,0.619,10.62,4.02,7,4,7,4,4,2,1518,1336,845,550,1162,0.473,209,570,0.367,209,305,0.685,190,734,318,108,54,226,312
74,Dayton,23,14,9,0.609,7.45,4.92,9,7,8,3,4,6,1614,1556,945,567,1189,0.477,185,495,0.374,295,410,0.72,159,766,316,103,45,335,356
75,DelawareState,19,3,16,0.158,-23.01,-5.24,1,11,3,6,0,10,1345,1629,765,468,1183,0.396,152,492,0.309,257,357,0.72,205,678,216,123,69,321,405
76,Delaware,15,7,8,0.467,-4.21,-4.07,5,4,6,3,1,4,1013,1012,600,347,793,0.438,107,321,0.333,212,297,0.714,131,526,188,69,54,215,262
77,Denver,21,2,19,0.095,-17.09,-6.49,1,13,2,10,0,9,1466,1662,850,519,1172,0.443,141,403,0.35,287,398,0.721,156,636,251,120,54,311,431
78,DePaul,19,5,14,0.263,3.76,9.92,2,13,2,8,2,5,1250,1367,770,481,1154,0.417,103,327,0.315,185,273,0.678,229,717,217,130,74,300,374
79,DetroitMercy,22,12,10,0.545,-2.7,-5.24,10,6,7,5,5,5,1683,1627,885,598,1290,0.464,225,575,0.391,262,326,0.804,197,719,315,150,54,253,313
80,DixieState,21,8,13,0.381,-14.87,-4.29,4,10,5,7,3,6,1461,1603,840,514,1227,0.419,128,418,0.306,305,427,0.714,200,740,321,143,43,320,439
81,Drake,29,25,4,0.862,9.65,-1.53,15,3,14,1,9,2,2245,1875,1170,868,1757,0.494,204,552,0.37,305,428,0.713,300,1043,399,207,86,299,455
82,Drexel,19,12,7,0.632,0.27,-4.36,4,5,3,2,4,5,1358,1270,760,495,1038,0.477,138,371,0.372,230,296,0.777,168,645,288,89,45,245,288
83,Duke,24,13,11,0.542,14.07,9.36,9,9,8,5,3,6,1824,1711,970,692,1479,0.468,201,571,0.352,239,346,0.691,269,851,387,197,109,307,410
84,Duquesne,18,9,9,0.5,3.34,3.51,7,7,5,2,2,5,1205,1208,720,438,1040,0.421,115,385,0.299,214,329,0.65,205,654,241,121,80,240,310
85,EastCarolina,19,8,11,0.421,1.17,4,2,10,7,6,1,4,1269,1291,765,449,1094,0.41,109,359,0.304,262,362,0.724,189,653,303,117,59,240,325
86,EastTennesseeState,25,13,12,0.52,2.05,0.7,8,7,8,4,3,5,1736,1654,1005,620,1416,0.438,201,575,0.35,295,423,0.697,253,897,295,184,64,339,431
87,EasternIllinois,27,9,18,0.333,-12.21,-6.69,6,14,5,7,4,11,1874,2023,1095,707,1623,0.436,186,574,0.324,274,417,0.657,285,944,360,193,88,383,435
88,EasternKentucky,29,22,7,0.759,-2.17,-7.73,15,5,10,2,9,4,2372,2137,1180,871,1946,0.448,279,778,0.359,351,497,0.706,306,1033,461,299,103,372,533
89,EasternMichigan,18,6,12,0.333,-13.22,-0.22,3,11,5,4,1,8,1267,1362,720,448,1077,0.416,128,411,0.311,243,326,0.745,169,594,198,160,42,221,274
90,EasternWashington,22,15,7,0.682,2.54,-5.27,12,3,7,2,6,5,1730,1542,880,617,1315,0.469,190,530,0.358,306,389,0.787,168,780,338,109,62,251,376
91,Elon,19,10,9,0.526,-4.45,-3.56,4,7,4,2,3,6,1249,1235,760,449,1084,0.414,154,473,0.326,197,266,0.741,166,652,206,108,39,218,359
92,Evansville,25,9,16,0.36,-4.57,0.27,7,11,8,4,1,10,1619,1740,1015,571,1299,0.44,240,637,0.377,237,330,0.718,149,670,291,122,56,274,377
93,Fairfield,26,10,16,0.385,-10.78,-6.05,7,11,4,8,3,8,1617,1740,1050,564,1403,0.402,158,496,0.319,331,477,0.694,256,919,265,121,60,339,462
94,FairleighDickinson,24,9,15,0.375,-8.36,-4.66,8,10,4,6,5,9,1801,1890,970,645,1432,0.45,194,517,0.375,317,445,0.712,244,813,287,182,93,340,439
95,FloridaA&M,20,8,12,0.4,-11.91,-9.11,7,5,4,1,4,10,1314,1370,800,500,1126,0.444,95,303,0.314,219,336,0.652,206,705,265,130,50,338,364
96,FloridaAtlantic,23,13,10,0.565,-1.83,-4.73,7,5,7,1,4,7,1796,1537,925,652,1409,0.463,223,587,0.38,269,407,0.661,287,929,335,175,63,318,415
97,FloridaGulfCoast,18,10,8,0.556,-9.37,-6.87,4,4,7,4,2,2,1292,1242,720,483,1126,0.429,146,499,0.293,180,271,0.664,206,700,246,134,77,265,280
98,FloridaInternational,26,9,17,0.346,-10.94,-2.99,2,15,7,8,2,9,1914,1985,1055,690,1604,0.43,273,816,0.335,261,392,0.666,252,847,388,219,105,380,463
99,FloridaState,21,16,5,0.762,18.45,9.22,11,4,12,1,3,4,1661,1467,850,592,1257,0.471,173,449,0.385,304,413,0.736,243,786,310,162,108,290,384
100,Florida,23,14,9,0.609,15,10.87,9,7,6,3,5,5,1701,1606,920,605,1303,0.464,157,440,0.357,334,441,0.757,230,809,272,168,125,337,426
101,Fordham,14,2,12,0.143,-10.52,4.26,2,11,2,5,0,6,725,932,560,257,716,0.359,79,294,0.269,132,197,0.67,95,415,153,87,28,187,221
102,FresnoState,24,12,12,0.5,-3.44,0.2,9,11,7,5,4,6,1591,1618,965,552,1289,0.428,164,499,0.329,323,485,0.666,257,853,249,158,70,344,427
103,Furman,25,16,9,0.64,6.53,-1.15,10,5,11,1,5,7,1990,1723,1005,730,1499,0.487,242,708,0.342,288,398,0.724,223,879,416,205,84,313,428
104,Gardner-Webb,26,11,15,0.423,-3.24,-5.51,10,10,7,4,4,11,1837,1778,1040,651,1465,0.444,232,643,0.361,303,439,0.69,239,895,339,153,125,304,492
105,GeorgeMason,22,13,9,0.591,2.96,1.53,8,6,7,3,3,4,1569,1538,905,578,1347,0.429,160,487,0.329,253,394,0.642,254,834,287,159,93,282,353
106,GeorgeWashington,17,5,12,0.294,-4.62,-0.44,3,5,3,6,1,5,1158,1229,685,411,928,0.443,102,315,0.324,234,335,0.699,136,582,194,107,46,233,247
107,Georgetown,24,12,12,0.5,10.57,10.9,7,9,7,6,2,6,1711,1719,965,594,1405,0.423,198,542,0.365,325,425,0.765,278,956,309,141,94,371,386
108,GeorgiaSouthern,26,13,13,0.5,-9.69,-5.74,7,9,9,4,4,8,1860,1762,1070,686,1536,0.447,194,608,0.319,294,463,0.635,306,964,322,210,101,374,444
109,GeorgiaState,22,16,6,0.727,-1.19,-4.09,8,4,9,1,5,4,1767,1599,900,649,1386,0.468,178,497,0.358,291,425,0.685,250,826,369,157,97,255,365
110,GeorgiaTech,24,16,8,0.667,13.78,8.24,11,6,11,3,4,5,1808,1675,985,668,1405,0.475,184,519,0.355,288,397,0.725,190,746,388,215,81,271,378
111,Georgia,26,14,12,0.538,7.1,8.5,7,11,12,5,2,6,2014,2027,1045,734,1603,0.458,165,509,0.324,381,553,0.689,318,973,389,220,64,434,484
112,Gonzaga,26,26,0,1,26.52,3.52,15,0,12,0,7,0,2395,1797,1040,888,1612,0.551,190,520,0.365,429,590,0.727,249,986,476,216,74,315,433
113,Grambling,24,12,12,0.5,-14.73,-12.95,9,6,6,4,5,7,1617,1649,965,562,1313,0.428,125,377,0.332,368,553,0.665,207,825,337,195,73,369,433
114,GrandCanyon,22,16,6,0.727,3.37,-5.79,9,3,10,3,5,1,1664,1349,880,620,1259,0.492,148,449,0.33,276,405,0.681,229,882,360,108,68,292,379
115,GreenBay,25,8,17,0.32,-9.25,-4.33,8,12,6,6,2,11,1790,1913,1030,656,1507,0.435,170,511,0.333,308,411,0.749,228,817,352,138,90,269,405
116,Hampton,25,11,14,0.44,-13.01,-8.61,9,9,5,7,6,7,1721,1831,1000,619,1437,0.431,185,557,0.332,298,411,0.725,196,844,292,152,149,318,426
117,Hartford,22,14,8,0.636,-3.25,-5.34,8,6,9,1,5,6,1451,1405,880,523,1196,0.437,171,514,0.333,234,333,0.703,180,726,246,152,43,282,356
118,Harvard,0,0,0,,,,0,0,0,0,0,0,,,,,,,,,,,,,,,,,,,
119,Hawaii,21,11,10,0.524,-4.39,-4.12,9,9,7,5,4,4,1503,1452,855,534,1208,0.442,164,456,0.36,271,376,0.721,217,752,246,119,32,291,350
120,HighPoint,24,9,15,0.375,-10.13,-6.92,6,11,5,5,4,10,1600,1677,965,564,1357,0.416,115,396,0.29,357,520,0.687,279,851,292,158,90,303,428
121,Hofstra,23,13,10,0.565,-1.81,-1.98,8,6,7,3,5,6,1683,1679,925,595,1342,0.443,174,527,0.33,319,445,0.717,241,816,293,152,68,279,368
122,HolyCross,16,5,11,0.313,0.12,5.56,5,11,2,7,3,4,1130,1217,645,423,951,0.445,111,314,0.354,173,248,0.698,150,522,193,110,63,206,305
123,HoustonBaptist,25,6,19,0.24,-16.92,-5.92,4,11,4,6,1,12,1776,2007,1005,635,1485,0.428,202,588,0.344,304,415,0.733,228,849,354,176,92,418,424
124,Houston,25,22,3,0.88,21.76,3.89,14,3,15,0,5,3,1929,1434,1000,677,1543,0.439,234,654,0.358,341,465,0.733,365,1034,347,208,117,272,469
125,Howard,5,1,4,0.2,-13.74,-1.99,0,0,1,1,0,0,363,424,200,123,283,0.435,38,123,0.309,79,110,0.718,41,177,74,26,25,72,89
126,IdahoState,24,13,11,0.542,-9.65,-6.96,8,6,8,3,5,5,1637,1481,970,559,1261,0.443,166,499,0.333,353,496,0.712,243,861,273,108,83,357,442
127,Idaho,22,1,21,0.045,-19.68,-4.27,1,17,1,9,0,11,1343,1682,890,489,1133,0.432,122,358,0.341,243,335,0.725,152,657,266,109,43,360,416
128,Illinois-Chicago,22,9,13,0.409,-11.23,-6.6,6,10,7,4,2,9,1489,1591,890,558,1301,0.429,178,544,0.327,195,296,0.659,183,766,297,81,68,291,409
129,IllinoisState,25,7,18,0.28,-5.11,0.73,4,14,3,8,3,9,1799,1870,1015,679,1477,0.46,195,566,0.345,246,372,0.661,206,881,345,150,84,345,411
130,Illinois,27,21,6,0.778,24.61,12.05,16,4,11,2,9,3,2188,1849,1090,790,1577,0.501,185,488,0.379,423,617,0.686,291,1088,436,154,74,364,483
131,IncarnateWord,22,8,14,0.364,-16.16,-8.59,5,9,5,7,3,6,1495,1578,885,524,1179,0.444,168,450,0.373,279,397,0.703,171,686,269,118,40,308,395
132,IndianaState,25,15,10,0.6,2.35,2.23,11,7,9,3,5,6,1662,1645,1000,580,1338,0.433,149,446,0.334,353,481,0.734,207,796,267,164,73,302,373
133,Indiana,27,12,15,0.444,13.94,13.6,7,12,6,6,3,7,1882,1873,1115,654,1510,0.433,158,488,0.324,416,626,0.665,242,933,376,155,101,322,479
134,Iona,16,11,5,0.688,-0.8,-6.92,6,3,4,2,4,3,1168,1070,640,401,901,0.445,123,342,0.36,243,327,0.743,180,599,228,111,63,252,354
135,IowaState,24,2,22,0.083,-0.46,10.67,0,18,2,10,0,11,1574,1841,960,591,1413,0.418,175,546,0.321,217,277,0.783,206,758,278,156,75,357,447
136,Iowa,28,21,7,0.75,23.61,10.97,14,6,14,2,6,4,2358,2004,1125,837,1775,0.472,275,709,0.388,409,575,0.711,322,1129,536,157,128,264,415
137,Purdue-FortWayne,23,8,15,0.348,-11.26,-7.73,6,14,5,6,3,9,1728,1809,955,631,1259,0.501,204,510,0.4,262,380,0.689,177,721,328,156,64,393,413
138,IUPUI,18,8,10,0.444,-10.76,-6.15,7,9,4,5,4,5,1281,1364,720,452,1069,0.423,143,416,0.344,234,326,0.718,168,608,239,124,40,250,340
139,JacksonState,18,12,6,0.667,-11.52,-14.3,11,0,6,0,5,5,1181,1131,730,397,1001,0.397,100,294,0.34,287,422,0.68,187,661,190,147,59,277,347
140,JacksonvilleState,27,18,9,0.667,-2.56,-5.6,13,6,8,3,7,5,2005,1851,1095,723,1568,0.461,219,616,0.356,340,496,0.685,299,1048,383,135,94,360,413
141,Jacksonville,24,11,13,0.458,-10.86,-6.45,5,9,7,5,4,8,1622,1668,965,577,1320,0.437,170,526,0.323,298,449,0.664,206,800,269,164,63,343,372
142,JamesMadison,20,13,7,0.65,0.8,-2.26,8,2,10,3,3,3,1562,1409,800,543,1201,0.452,166,486,0.342,310,464,0.668,220,747,276,149,40,243,375
143,KansasState,29,9,20,0.31,0.89,9.17,4,14,6,12,2,7,1792,2037,1160,649,1577,0.412,191,645,0.296,303,456,0.664,296,953,377,161,44,431,492
144,Kansas,28,20,8,0.714,16.71,10.37,12,6,14,1,4,6,2047,1841,1125,737,1676,0.44,209,608,0.344,364,511,0.712,316,1064,383,192,114,346,427
145,KennesawState,24,5,19,0.208,-13.79,-3.31,1,13,4,9,0,9,1571,1672,960,571,1359,0.42,164,526,0.312,265,402,0.659,215,815,260,138,60,341,429
146,KentState,23,15,8,0.652,2.74,-0.9,12,6,9,2,6,5,1764,1635,925,635,1432,0.443,185,567,0.326,309,397,0.778,289,900,330,156,76,312,391
147,Kentucky,25,9,16,0.36,12.48,12.2,8,9,5,6,4,7,1761,1754,1010,615,1476,0.417,160,476,0.336,371,509,0.729,300,951,312,157,148,349,450
148,LaSalle,25,9,16,0.36,-2.31,4.11,6,11,6,3,3,11,1702,1838,1005,633,1453,0.436,195,573,0.34,241,352,0.685,234,829,318,186,83,361,431
149,Lafayette,15,9,6,0.6,-1.42,-2.42,9,5,6,3,3,3,1165,1150,620,405,928,0.436,129,358,0.36,226,281,0.804,133,525,243,94,51,163,280
150,Lamar,28,10,18,0.357,-13.28,-6.74,7,10,5,5,3,11,1843,2026,1130,670,1608,0.417,139,445,0.312,364,496,0.734,269,967,332,200,118,396,466
151,Lehigh,15,4,11,0.267,-8.81,-0.55,4,10,1,5,3,6,1025,1149,605,388,901,0.431,73,231,0.316,176,251,0.701,137,521,191,90,32,196,268
152,Liberty,28,23,5,0.821,4.4,-6.61,11,2,13,0,5,3,2097,1670,1120,761,1548,0.492,289,740,0.391,286,368,0.777,198,934,446,128,64,271,407
153,Lipscomb,27,15,12,0.556,-6.79,-5.36,9,6,10,4,4,7,1922,1848,1085,687,1493,0.46,200,569,0.351,348,503,0.692,208,918,364,167,53,326,376
154,CalStateLongBeach,18,6,12,0.333,-9.78,-4.12,4,8,4,3,1,8,1328,1430,740,466,1047,0.445,127,354,0.359,269,395,0.681,147,630,210,112,52,288,349
155,LongIslandUniversity,18,9,9,0.5,-5.71,-6.76,9,9,6,3,3,6,1332,1313,720,479,1155,0.415,134,467,0.287,240,360,0.667,240,705,293,152,69,259,315
156,Longwood,28,12,16,0.429,-7.29,-6.22,10,10,8,5,4,11,1854,1886,1120,662,1527,0.434,200,579,0.345,330,481,0.686,268,929,295,173,50,367,485
157,Louisiana,26,17,9,0.654,-4.82,-5.49,10,7,10,3,6,4,1934,1892,1050,713,1607,0.444,185,532,0.348,323,463,0.698,317,1027,332,145,122,388,457
158,Louisiana-Monroe,26,7,19,0.269,-10.58,-5.89,5,13,5,8,2,10,1670,1792,1045,609,1464,0.416,194,571,0.34,258,367,0.703,205,791,355,193,74,338,433
159,LouisianaState,25,17,8,0.68,15.27,8.19,11,6,11,2,4,6,2060,1883,1005,726,1552,0.468,201,582,0.345,407,547,0.744,281,952,314,202,68,298,440
160,LouisianaTech,28,21,7,0.75,6.49,-1.51,12,4,15,1,5,5,2059,1810,1120,731,1640,0.446,209,612,0.342,388,566,0.686,287,1092,351,181,77,364,424
161,Louisville,20,13,7,0.65,11.3,9.85,8,5,9,2,4,4,1359,1330,805,494,1146,0.431,107,347,0.308,264,368,0.717,225,764,221,96,37,229,338
162,Loyola(IL),28,24,4,0.857,14.7,0,16,2,13,0,8,3,2002,1555,1130,735,1456,0.505,201,546,0.368,331,458,0.723,201,914,442,194,67,334,399
163,LoyolaMarymount,22,13,9,0.591,4.64,3.14,7,5,8,3,4,5,1529,1496,885,525,1147,0.458,135,400,0.338,344,474,0.726,215,772,280,103,58,351,417
164,Loyola(MD),16,6,10,0.375,1.31,-0.76,4,10,3,4,3,6,1154,1121,670,432,930,0.465,87,279,0.312,203,335,0.606,177,603,209,114,53,233,295
165,Maine,9,2,7,0.222,-14.95,-3.51,2,6,1,1,1,6,478,581,360,172,452,0.381,64,203,0.315,70,123,0.569,69,281,108,51,40,147,161
166,Manhattan,20,7,13,0.35,-11.5,-7.65,6,12,4,6,3,6,1268,1345,825,439,1165,0.377,115,435,0.264,275,413,0.666,253,724,237,154,74,288,453
167,Marist,21,12,9,0.571,-8.26,-8.07,10,8,6,3,6,5,1332,1336,850,475,1113,0.427,142,458,0.31,240,351,0.684,158,736,229,114,84,303,370
168,Marquette,27,13,14,0.481,9.34,9.41,8,11,7,7,6,6,1883,1885,1085,661,1484,0.445,179,555,0.323,382,520,0.735,258,979,333,137,100,388,465
169,Marshall,22,15,7,0.682,6,-1.36,9,5,9,3,6,3,1758,1596,885,656,1382,0.475,204,567,0.36,242,334,0.725,183,778,349,172,114,263,333
170,Maryland-BaltimoreCounty,20,14,6,0.7,-0.19,-4.84,10,4,5,4,9,2,1391,1298,800,483,1099,0.439,139,408,0.341,286,402,0.711,175,730,219,102,35,258,336
171,Maryland-EasternShore,0,0,0,,,,0,0,0,0,0,0,,,,,,,,,,,,,,,,,,,
172,Maryland,29,16,13,0.552,15.4,12.94,9,11,11,6,4,6,1995,1884,1160,699,1533,0.456,234,663,0.353,363,517,0.702,188,965,385,145,98,324,431
173,Massachusetts-Lowell,22,11,11,0.5,-4.81,-2.9,7,8,3,4,6,5,1525,1567,880,542,1179,0.46,143,399,0.358,298,452,0.659,191,756,262,112,84,320,451
174,Massachusetts,15,8,7,0.533,5.92,2.19,6,4,4,3,3,3,1151,1095,615,394,920,0.428,132,405,0.326,231,315,0.733,136,517,224,110,61,181,261
175,McNeeseState,24,10,14,0.417,-18.34,-11.45,4,11,7,5,3,8,1927,1722,960,718,1456,0.493,204,526,0.388,287,417,0.688,255,896,443,172,49,359,410
176,Memphis,23,16,7,0.696,12.54,2.84,11,4,10,1,4,3,1656,1433,920,599,1366,0.439,172,487,0.353,286,458,0.624,281,928,375,208,114,376,447
177,Mercer,29,18,11,0.621,1.78,-1.1,8,9,9,4,6,6,2225,2082,1180,832,1738,0.479,250,673,0.371,311,433,0.718,252,1053,479,200,86,373,445
178,Merrimack,18,9,9,0.5,-7.01,-6.62,9,9,6,3,3,6,1193,1200,725,434,967,0.449,126,398,0.317,199,300,0.663,124,556,216,144,68,245,305
179,Miami(FL),27,10,17,0.37,4.2,8.72,4,15,7,8,1,8,1794,1916,1085,647,1523,0.425,150,509,0.295,350,500,0.7,257,944,305,179,104,341,332
180,Miami(OH),23,12,11,0.522,-1.74,-1.79,9,8,7,4,5,6,1663,1647,925,598,1370,0.436,197,541,0.364,270,348,0.776,226,797,278,103,58,248,388
181,MichiganState,27,15,12,0.556,11.11,12.63,9,11,12,3,3,8,1864,1905,1080,668,1574,0.424,172,537,0.32,356,494,0.721,294,1015,428,123,126,352,535
182,Michigan,23,20,3,0.87,23.64,12.25,14,3,13,1,6,2,1763,1501,925,648,1325,0.489,175,449,0.39,290,377,0.769,209,863,357,103,98,264,337
183,MiddleTennessee,23,5,18,0.217,-10.53,-0.53,3,13,5,6,0,9,1426,1627,920,511,1323,0.386,171,528,0.324,233,340,0.685,223,768,229,164,52,345,372
184,Milwaukee,22,10,12,0.455,-6.82,-6.09,7,10,4,5,6,6,1662,1678,900,588,1348,0.436,159,484,0.329,327,447,0.732,197,770,285,134,47,244,405
185,Minnesota,29,14,15,0.483,12.14,12.83,6,14,13,4,0,10,2103,2123,1175,704,1794,0.392,207,730,0.284,488,659,0.741,340,1067,399,183,134,324,538
186,MississippiState,29,15,14,0.517,9.02,6.78,8,10,9,6,5,4,1997,1932,1180,747,1658,0.451,151,451,0.335,352,545,0.646,364,1139,375,181,136,433,450
187,MississippiValleyState,24,2,22,0.083,-38.44,-7.9,2,13,1,5,1,16,1364,2097,960,480,1347,0.356,214,651,0.329,190,332,0.572,168,749,264,110,71,430,428
188,Mississippi,27,16,11,0.593,12.09,6.38,10,8,10,4,5,6,1866,1712,1085,678,1533,0.442,141,471,0.299,369,527,0.7,327,987,331,207,107,371,459
189,Missouri-KansasCity,24,11,13,0.458,-5.25,-3,7,7,8,3,2,8,1683,1502,960,642,1292,0.497,149,407,0.366,250,379,0.66,175,730,355,190,50,300,524
190,MissouriState,24,17,7,0.708,5.36,0.18,12,6,9,4,7,2,1762,1594,960,637,1332,0.478,180,515,0.35,308,415,0.742,188,887,325,112,69,305,369
191,Missouri,25,16,9,0.64,12.84,11.12,8,8,8,4,6,4,1841,1798,1010,646,1439,0.449,173,540,0.32,376,539,0.698,248,892,330,168,88,336,494
192,Monmouth,20,12,8,0.6,-5.18,-6.93,12,6,7,2,5,5,1521,1486,815,518,1226,0.423,154,424,0.363,331,468,0.707,198,749,280,166,70,268,415
193,MontanaState,22,13,9,0.591,-6.84,-6.29,8,6,5,3,6,6,1648,1590,895,567,1243,0.456,140,414,0.338,374,496,0.754,190,745,252,121,52,276,412
194,Montana,28,15,13,0.536,-5.02,-2.93,7,9,8,4,5,8,1981,1876,1135,697,1514,0.46,154,425,0.362,433,554,0.782,214,927,356,137,72,371,552
195,MoreheadState,30,23,7,0.767,-0.4,-4.5,17,3,12,1,8,5,2065,1902,1210,738,1601,0.461,197,562,0.351,392,575,0.682,309,1125,382,132,150,459,432
196,MorganState,21,14,7,0.667,-5.08,-10.47,7,5,5,5,7,2,1692,1535,840,580,1332,0.435,179,513,0.349,353,474,0.745,281,831,320,166,78,326,437
197,MountSt.Mary's,22,12,10,0.545,-3.3,-4.71,9,7,6,3,6,6,1402,1371,890,508,1192,0.426,146,433,0.337,240,354,0.678,237,821,257,97,91,288,328
198,MurrayState,26,13,13,0.5,-2.41,-7.74,10,10,9,4,4,8,1986,1739,1045,757,1522,0.497,212,576,0.368,260,387,0.672,239,939,435,175,91,347,432
199,Navy,18,15,3,0.833,4.33,-0.17,12,1,8,2,6,1,1287,1206,730,466,1042,0.447,111,340,0.326,244,344,0.709,204,631,222,147,43,223,301
200,Omaha,25,5,20,0.2,-13.04,-2.4,3,11,1,5,3,12,1683,1949,1000,625,1494,0.418,133,397,0.335,300,436,0.688,212,853,236,141,75,327,471
201,Nebraska,27,7,20,0.259,7.2,13.39,3,16,6,9,1,10,1889,2004,1085,671,1604,0.418,228,684,0.333,319,499,0.639,240,979,369,193,88,380,473
202,Nevada-LasVegas,27,12,15,0.444,-1.25,1.23,8,10,8,4,3,7,1875,1822,1080,706,1587,0.445,225,639,0.352,238,336,0.708,277,973,356,172,76,338,488
203,Nevada,26,16,10,0.615,5.32,2.04,8,7,10,2,2,7,1916,1812,1040,646,1445,0.447,201,567,0.354,423,560,0.755,213,928,374,145,77,330,519
204,NewHampshire,19,10,9,0.526,-7.28,-5.78,9,6,5,6,5,3,1278,1266,765,452,1124,0.402,129,405,0.319,245,358,0.684,205,706,213,104,55,209,344
205,NewMexicoState,19,12,7,0.632,-1.52,-6.77,7,6,4,2,5,5,1366,1209,760,472,1101,0.429,166,521,0.319,256,352,0.727,230,697,244,96,46,234,342
206,NewMexico,22,6,16,0.273,-12.33,-1.68,1,8,0,0,3,8,1436,1578,890,538,1303,0.413,105,382,0.275,255,426,0.599,291,839,277,126,87,328,397
207,NewOrleans,25,10,15,0.4,-10.95,-9.78,8,7,6,3,2,10,1899,1910,1010,703,1476,0.476,137,417,0.329,356,483,0.737,245,880,391,190,70,421,522
208,Niagara,20,9,11,0.45,-6.84,-6.29,7,9,5,3,3,7,1293,1304,800,448,1099,0.408,128,409,0.313,269,380,0.708,163,631,236,117,39,199,340
209,NichollsState,24,18,6,0.75,-4.62,-9.75,14,2,8,1,7,5,1915,1752,970,715,1547,0.462,190,578,0.329,295,435,0.678,260,918,328,218,77,311,450
210,NJIT,19,7,12,0.368,-8.99,-4.94,6,10,3,5,4,6,1256,1333,770,440,1088,0.404,119,390,0.305,257,372,0.691,168,596,181,127,42,212,336
211,NorfolkState,22,15,7,0.682,-5.12,-9.52,8,4,7,4,6,3,1659,1528,885,566,1298,0.436,173,466,0.371,354,504,0.702,230,816,265,137,72,286,431
212,NorthAlabama,24,13,11,0.542,-9.76,-6.01,7,8,8,4,3,6,1756,1666,970,624,1457,0.428,192,569,0.337,316,424,0.745,263,936,272,141,77,332,423
213,NorthCarolina-Asheville,20,10,10,0.5,-6.4,-7,9,5,6,4,4,6,1468,1456,815,548,1151,0.476,161,450,0.358,211,348,0.606,186,669,254,140,87,302,368
214,NorthCarolinaA&T,21,11,10,0.524,-13.84,-7.63,7,1,5,4,5,6,1517,1523,845,536,1273,0.421,137,429,0.319,308,468,0.658,228,736,285,183,56,294,367
215,NorthCarolinaCentral,14,5,9,0.357,-15.29,-8.06,3,5,4,2,0,6,942,1003,565,333,791,0.421,95,280,0.339,181,261,0.693,130,458,169,102,39,205,293
216,NorthCarolina-Greensboro,29,21,8,0.724,3.91,-2.27,13,5,7,3,10,3,2135,1956,1165,803,1894,0.424,221,736,0.3,308,451,0.683,370,1142,356,217,114,319,524
217,NorthCarolinaState,23,13,10,0.565,10.27,7.31,9,8,7,4,5,5,1684,1616,925,616,1315,0.468,155,425,0.365,297,422,0.704,230,746,299,193,104,296,370
218,NorthCarolina-Wilmington,17,7,10,0.412,-6.03,-5.66,1,6,3,4,3,4,1297,1253,685,442,1011,0.437,128,371,0.345,285,372,0.766,162,548,206,103,60,190,306
219,NorthCarolina,28,18,10,0.643,16.4,10.11,10,6,10,1,3,7,2119,1943,1120,776,1761,0.441,157,496,0.317,410,614,0.668,444,1208,433,202,132,413,472
220,NorthDakotaState,27,15,12,0.556,-1,-3.08,11,5,6,2,5,7,1883,1827,1085,659,1491,0.442,184,540,0.341,381,501,0.76,256,998,285,105,69,338,430
221,NorthDakota,26,9,17,0.346,-10.82,-3.82,8,8,5,3,3,11,1787,1969,1055,623,1454,0.428,190,564,0.337,351,503,0.698,214,844,306,134,55,340,448
222,NorthFlorida,23,8,15,0.348,-11.09,-4.23,6,6,5,3,3,10,1601,1725,920,570,1282,0.445,229,625,0.366,232,325,0.714,204,751,296,102,76,344,386
223,NorthTexas,25,16,9,0.64,7.37,-0.43,9,5,8,3,5,6,1754,1535,1000,646,1349,0.479,189,502,0.376,273,374,0.73,213,831,335,172,73,328,392
224,Northeastern,19,10,9,0.526,-0.19,0.92,8,2,5,1,4,7,1277,1298,765,457,1044,0.438,162,458,0.354,201,271,0.742,126,623,234,119,44,257,299
225,NorthernArizona,22,6,16,0.273,-14.12,-2.75,4,10,1,7,4,7,1390,1640,885,505,1197,0.422,139,397,0.35,241,364,0.662,178,628,238,120,34,259,395
226,NorthernColorado,22,11,11,0.5,-7.89,-5.42,6,8,6,5,4,5,1551,1519,885,549,1221,0.45,199,528,0.377,254,381,0.667,175,758,242,95,59,309,397
227,NorthernIllinois,19,3,16,0.158,-16.91,-1.81,2,12,2,7,1,9,1184,1471,765,456,1143,0.399,104,321,0.324,168,273,0.615,243,684,204,110,65,261,342
228,NorthernIowa,25,10,15,0.4,-1.54,2.64,7,11,6,5,3,7,1738,1779,1010,647,1461,0.443,186,572,0.325,258,378,0.683,229,894,329,161,64,326,380
229,NorthernKentucky,25,14,11,0.56,-5.88,-6,11,7,9,4,5,6,1784,1781,1015,658,1476,0.446,179,584,0.307,289,410,0.705,305,871,295,161,41,312,417
230,NorthwesternState,29,11,18,0.379,-13.59,-5.06,9,7,6,4,4,12,2106,2312,1170,770,1788,0.431,210,603,0.348,356,530,0.672,297,1029,376,202,85,419,544
231,Northwestern,24,9,15,0.375,10.95,12.99,6,13,7,6,2,8,1686,1681,970,607,1401,0.433,200,566,0.353,272,379,0.718,180,808,352,148,63,284,424
232,NotreDame,26,11,15,0.423,8.8,10.46,7,11,6,5,4,8,1890,1933,1040,679,1479,0.459,236,642,0.368,296,383,0.773,187,868,387,110,102,275,334
233,Oakland,30,12,18,0.4,-8.36,-1.82,10,10,5,4,6,11,2240,2436,1240,773,1855,0.417,259,778,0.333,435,616,0.706,346,1054,444,248,56,390,441
234,OhioState,28,20,8,0.714,19.82,12.93,12,8,10,4,7,4,2164,1971,1125,737,1597,0.461,227,630,0.36,463,602,0.769,272,1012,367,131,92,296,509
235,Ohio,22,15,7,0.682,5.24,-1.43,9,5,8,3,4,4,1776,1616,880,657,1345,0.488,187,525,0.356,275,395,0.696,215,765,395,147,47,265,351
236,OklahomaState,27,20,7,0.741,14.31,9.79,11,7,10,3,8,4,2072,1950,1105,742,1593,0.466,172,508,0.339,416,585,0.711,299,1051,355,195,120,433,448
237,Oklahoma,25,15,10,0.6,13.8,8.28,9,8,10,3,4,7,1869,1731,1015,670,1517,0.442,200,591,0.338,329,442,0.744,247,907,335,184,86,277,361
238,OldDominion,23,15,8,0.652,-0.69,-0.46,11,5,9,1,6,6,1571,1556,925,586,1307,0.448,113,392,0.288,286,413,0.692,224,826,278,172,86,291,365
239,OralRoberts,26,16,10,0.615,-0.6,-2.42,10,5,8,3,5,7,2126,1970,1040,734,1617,0.454,294,753,0.39,364,442,0.824,219,915,329,166,106,299,461
240,OregonState,28,16,12,0.571,7.22,7.44,10,10,10,6,4,6,1979,1913,1130,687,1585,0.433,194,553,0.351,411,541,0.76,291,950,412,173,95,321,528
241,Oregon,26,20,6,0.769,13.67,6.7,14,4,11,2,7,2,1934,1753,1040,715,1515,0.472,218,575,0.379,286,406,0.704,238,859,349,194,94,297,407
242,Pacific,18,9,9,0.5,1.68,4.27,6,7,6,2,3,6,1256,1272,735,479,1093,0.438,93,311,0.299,205,302,0.679,182,622,233,116,61,215,335
243,PennState,25,11,14,0.44,14.79,15.15,7,12,7,5,3,8,1816,1825,1010,637,1562,0.408,221,654,0.338,321,435,0.738,305,913,335,198,59,286,446
244,Pennsylvania,0,0,0,,,,0,0,0,0,0,0,,,,,,,,,,,,,,,,,,,
245,Pepperdine,24,12,12,0.5,3.68,5.13,7,6,7,5,3,5,1830,1790,980,650,1425,0.456,168,521,0.322,362,464,0.78,193,834,381,151,70,319,462
246,Pittsburgh,22,10,12,0.455,8.84,7.8,6,10,7,6,3,5,1566,1543,880,554,1283,0.432,144,426,0.338,314,473,0.664,279,843,321,133,83,277,381
247,PortlandState,22,9,13,0.409,-7.8,-6.13,6,8,7,6,2,6,1512,1463,885,532,1335,0.399,152,517,0.294,296,437,0.677,287,832,247,182,66,305,443
248,Portland,21,6,15,0.286,-13.94,3.73,0,11,5,8,1,6,1459,1748,845,488,1187,0.411,153,451,0.339,330,426,0.775,138,600,250,132,61,292,340
249,PrairieView,20,16,4,0.8,-7.58,-15.93,13,0,8,0,5,3,1436,1269,800,543,1194,0.455,133,427,0.311,217,328,0.662,218,699,328,197,87,275,410
250,Presbyterian,22,7,15,0.318,-13.36,-8.41,5,12,5,6,2,9,1411,1476,885,499,1199,0.416,128,418,0.306,285,416,0.685,248,739,235,154,49,334,440
251,Princeton,0,0,0,,,,0,0,0,0,0,0,,,,,,,,,,,,,,,,,,,
252,Providence,26,13,13,0.5,10.03,9.91,9,10,8,3,4,7,1816,1813,1060,657,1529,0.43,164,513,0.32,338,483,0.7,275,928,350,147,78,306,441
253,Purdue,27,18,9,0.667,17.35,12.54,13,6,11,1,5,6,1920,1790,1085,689,1527,0.451,192,573,0.335,350,492,0.711,294,1015,386,140,92,339,473
254,Quinnipiac,22,9,13,0.409,-8.31,-6.81,7,10,8,5,1,5,1485,1518,895,505,1258,0.401,169,522,0.324,306,445,0.688,170,793,279,123,100,313,420
255,Radford,27,15,12,0.556,-5.56,-5.96,12,6,9,5,6,6,1826,1745,1100,644,1408,0.457,158,504,0.313,380,558,0.681,297,999,301,164,48,403,424
256,RhodeIsland,25,10,15,0.4,6.12,5.76,7,10,6,3,2,9,1786,1777,1020,635,1436,0.442,143,458,0.312,373,558,0.668,266,962,303,164,114,353,444
257,Rice,28,15,13,0.536,-3.73,-1.49,6,10,9,3,3,9,2068,2062,1120,731,1660,0.44,286,800,0.358,320,438,0.731,264,1036,424,153,60,423,388
258,Richmond,21,13,8,0.619,9.58,5.58,6,5,6,4,5,3,1574,1453,840,575,1213,0.474,156,441,0.354,268,367,0.73,135,635,305,186,44,222,320
259,Rider,23,6,17,0.261,-11.54,-5.06,5,13,1,8,4,8,1553,1702,925,564,1318,0.428,145,411,0.353,280,382,0.733,206,765,284,117,47,291,431
260,RobertMorris,19,4,15,0.211,-12.3,-4.63,3,12,3,6,1,9,1374,1494,790,518,1169,0.443,142,394,0.36,196,299,0.656,207,646,299,124,57,254,348
261,Rutgers,26,15,11,0.577,15.25,13.52,10,10,10,4,4,6,1819,1774,1045,696,1544,0.451,157,505,0.311,270,427,0.632,254,918,359,203,136,294,459
262,SacramentoState,20,8,12,0.4,-8.97,-4.86,5,9,5,3,3,8,1443,1442,815,531,1157,0.459,133,362,0.367,248,365,0.679,187,627,255,138,45,202,356
263,SacredHeart,18,9,9,0.5,-10.2,-5.47,9,7,4,3,5,6,1265,1350,735,431,1046,0.412,143,434,0.329,260,351,0.741,195,647,241,88,38,233,299
264,SaintFrancis(PA),22,6,16,0.273,-8.43,-3.93,5,13,4,6,2,10,1515,1614,890,541,1266,0.427,129,417,0.309,304,426,0.714,228,779,282,127,47,312,378
265,SaintJoseph's,20,5,15,0.25,-3.5,6.95,3,9,3,3,1,9,1443,1652,825,506,1238,0.409,191,609,0.314,240,331,0.725,165,675,287,120,36,281,358
266,SaintLouis,20,14,6,0.7,12.95,2.6,6,4,12,1,1,4,1507,1300,800,559,1205,0.464,131,372,0.352,258,367,0.703,249,774,353,141,63,241,341
267,SaintMary's(CA),23,14,9,0.609,7.53,5.75,4,6,9,3,2,3,1475,1434,920,538,1279,0.421,141,482,0.293,258,354,0.729,198,792,241,142,72,260,387
268,SaintPeter's,25,14,11,0.56,-4.65,-6.37,10,8,8,3,4,7,1580,1537,1000,555,1386,0.4,154,477,0.323,316,453,0.698,275,926,293,201,133,371,500
269,SamHoustonState,28,19,9,0.679,-3.45,-5.03,13,3,12,1,7,6,2229,1969,1120,797,1758,0.453,255,715,0.357,380,549,0.692,320,1033,435,237,88,402,565
270,Samford,19,6,13,0.316,-8.49,-1.19,2,9,4,5,2,7,1460,1510,775,541,1218,0.444,151,484,0.312,227,331,0.686,222,755,283,129,47,308,397
271,SanDiegoState,26,22,4,0.846,14.41,1.93,14,3,13,2,6,2,1932,1578,1045,669,1471,0.455,227,596,0.381,367,510,0.72,251,939,367,213,72,296,481
272,SanDiego,14,3,11,0.214,-6.38,4.48,2,7,0,5,3,5,927,1079,565,352,847,0.416,82,270,0.304,141,217,0.65,112,469,185,94,48,185,252
273,SanFrancisco,25,11,14,0.44,5.23,3.07,4,9,3,5,4,6,1786,1732,1000,647,1514,0.427,259,760,0.341,233,325,0.717,226,833,295,179,81,292,483
274,SanJoseState,21,5,16,0.238,-17.54,1.04,2,12,4,6,0,8,1381,1710,840,493,1257,0.392,157,494,0.318,238,364,0.654,173,722,213,99,57,265,349
275,SantaClara,20,12,8,0.6,-1.12,1.09,4,5,6,3,4,3,1393,1412,800,486,1121,0.434,110,359,0.306,311,455,0.684,164,729,240,88,78,260,357
276,Seattle,23,12,11,0.522,-6.58,-4.85,4,5,6,3,3,6,1677,1578,925,593,1426,0.416,186,593,0.314,305,416,0.733,238,776,264,151,80,246,435
277,SetonHall,27,14,13,0.519,12.05,10.46,10,9,7,4,6,7,1924,1881,1095,673,1525,0.441,180,561,0.321,398,544,0.732,276,941,347,170,118,350,442
278,Siena,17,12,5,0.706,-3.29,-7.88,12,4,6,2,6,2,1149,1071,680,411,894,0.46,108,314,0.344,219,333,0.658,152,594,215,94,56,219,264
279,SouthAlabama,28,17,11,0.607,-5.61,-5.44,10,7,10,5,6,5,2075,1985,1135,715,1621,0.441,256,707,0.362,389,542,0.718,269,996,314,200,91,333,434
280,SouthCarolinaState,18,1,17,0.056,-24.31,-6.97,1,7,1,6,0,11,1102,1414,720,401,1033,0.388,123,388,0.317,177,285,0.621,175,563,178,106,50,312,334
281,SouthCarolinaUpstate,23,5,18,0.217,-13.07,-4.57,5,11,3,8,2,10,1515,1712,920,538,1269,0.424,171,508,0.337,268,372,0.72,186,717,276,143,57,325,426
282,SouthCarolina,21,6,15,0.286,3.85,10.47,4,12,3,6,2,7,1523,1662,840,566,1364,0.415,142,466,0.305,249,381,0.654,268,755,280,176,77,313,401
283,SouthDakotaState,23,16,7,0.696,2.77,-2.55,9,3,8,1,4,2,1850,1690,920,655,1315,0.498,185,458,0.404,355,496,0.716,178,822,327,127,71,283,370
284,SouthDakota,25,14,11,0.56,-1.66,-3.91,11,4,7,2,5,4,1899,1805,1000,674,1438,0.469,186,478,0.389,365,468,0.78,180,870,349,114,61,268,467
285,SouthFlorida,22,9,13,0.409,0.19,6.48,4,10,4,6,3,4,1449,1571,885,516,1277,0.404,138,422,0.327,279,438,0.637,275,831,251,116,62,308,378
286,SoutheastMissouriState,27,11,16,0.407,-9.76,-7.1,9,11,7,6,3,9,1864,1936,1110,630,1468,0.429,205,582,0.352,399,595,0.671,258,949,374,185,64,415,513
287,SoutheasternLouisiana,26,8,18,0.308,-17.54,-8.16,5,11,3,4,4,13,1775,2019,1055,591,1498,0.395,177,607,0.292,416,614,0.678,314,887,261,180,64,414,509
288,SouthernCalifornia,29,22,7,0.759,17.36,7.71,15,5,13,2,7,3,2168,1888,1180,788,1687,0.467,183,526,0.348,409,632,0.647,354,1145,396,139,153,361,450
289,SIUEdwardsville,26,9,17,0.346,-14.49,-5.57,7,12,2,8,6,7,1709,1897,1040,619,1403,0.441,156,490,0.318,315,463,0.68,226,852,337,153,121,413,438
290,SouthernIllinois,26,12,14,0.462,-3.38,0.91,5,13,8,5,3,8,1704,1770,1050,614,1362,0.451,210,560,0.375,266,400,0.665,139,772,352,160,48,311,370
291,SouthernMethodist,16,11,5,0.688,11.19,4.19,7,4,6,2,5,2,1185,1073,640,425,943,0.451,120,354,0.339,215,295,0.729,170,596,241,99,72,228,278
292,SouthernMississippi,25,8,17,0.32,-6.85,-2.07,4,13,6,7,2,9,1605,1668,1005,603,1396,0.432,134,421,0.318,265,392,0.676,208,878,302,148,52,352,398
293,SouthernUtah,24,20,4,0.833,-0.6,-6.91,12,2,14,0,5,3,2021,1669,965,699,1475,0.474,211,618,0.341,412,551,0.748,263,946,338,168,63,290,405
294,Southern,19,8,11,0.421,-13.61,-13.19,8,6,5,2,3,7,1327,1335,775,465,1077,0.432,104,322,0.323,293,436,0.672,184,688,267,155,49,306,391
295,St.Bonaventure,19,15,4,0.789,14.87,4.66,11,4,8,1,4,3,1336,1142,760,496,1099,0.451,123,351,0.35,221,303,0.729,216,703,284,117,74,211,290
296,St.Francis(NY),19,9,10,0.474,-8.23,-6.38,9,9,4,6,5,4,1476,1511,765,542,1215,0.446,118,356,0.331,274,373,0.735,216,688,271,153,66,229,383
297,St.John's(NY),27,16,11,0.593,10.32,8.1,10,9,11,3,4,6,2132,2072,1095,779,1744,0.447,200,581,0.344,374,499,0.749,302,971,440,246,105,340,492
298,Stanford,27,14,13,0.519,8.18,8.03,10,10,5,4,6,6,1883,1879,1100,678,1461,0.464,145,451,0.322,382,533,0.717,209,905,332,191,92,403,448
299,StephenF.Austin,21,16,5,0.762,-1.95,-8.78,13,3,10,1,6,4,1686,1484,850,622,1195,0.521,100,297,0.337,342,503,0.68,243,749,331,199,73,348,419
300,Stetson,25,11,14,0.44,-7.28,-4.46,7,9,7,5,3,8,1800,1767,1005,642,1470,0.437,236,622,0.379,280,401,0.698,259,870,351,178,68,331,404
301,StonyBrook,23,9,14,0.391,-5.24,-3.83,7,9,5,5,4,8,1522,1509,930,543,1318,0.412,140,473,0.296,296,434,0.682,262,875,278,129,114,318,387
302,Syracuse,25,16,9,0.64,13.78,8.66,9,7,13,1,2,7,1896,1768,1005,676,1534,0.441,203,602,0.337,341,435,0.784,273,897,382,218,123,279,363
303,TarletonState,20,10,10,0.5,-8.14,-3.87,5,7,6,3,4,7,1467,1246,800,530,1129,0.469,110,291,0.378,297,412,0.721,170,639,294,209,53,231,391
304,Temple,16,5,11,0.313,2.88,5.88,4,10,3,5,2,5,1053,1101,640,348,868,0.401,115,336,0.342,242,338,0.716,148,580,214,67,39,213,281
305,Tennessee-Martin,24,8,16,0.333,-18.96,-5.43,6,14,6,7,2,9,1571,1847,970,556,1393,0.399,165,495,0.333,294,409,0.719,260,775,289,172,62,343,429
306,TennesseeState,23,4,19,0.174,-13.6,-6.74,3,17,4,8,0,11,1573,1702,930,568,1342,0.423,138,480,0.288,299,438,0.683,215,775,268,170,73,353,478
307,TennesseeTech,27,5,22,0.185,-13.57,-3.27,5,15,5,6,0,16,1797,2075,1085,656,1517,0.432,208,648,0.321,277,410,0.676,245,908,380,176,62,430,430
308,Tennessee,25,18,7,0.72,18.29,8.45,10,7,13,3,4,4,1817,1571,1000,636,1431,0.444,166,491,0.338,379,509,0.745,271,898,378,177,120,306,410
309,TexasA&M-CorpusChristi,24,5,19,0.208,-17.03,-6.37,2,13,4,8,1,10,1554,1716,960,542,1296,0.418,153,464,0.33,317,463,0.685,206,816,308,165,74,401,425
310,TexasA&M,18,8,10,0.444,2.36,5.02,2,8,6,4,2,4,1157,1205,720,401,966,0.415,117,391,0.299,238,328,0.726,198,602,218,124,34,265,304
311,Texas-Arlington,26,13,13,0.5,-7.11,-4.46,9,8,9,4,3,8,1916,1827,1045,677,1658,0.408,235,659,0.357,327,444,0.736,303,974,353,214,122,311,434
312,TexasChristian,26,12,14,0.462,2.93,7.32,5,11,6,7,3,6,1738,1852,1045,625,1428,0.438,175,518,0.338,311,463,0.672,255,900,338,157,91,369,407
313,Texas-ElPaso,24,12,12,0.5,0.93,1.12,8,8,10,2,2,9,1698,1644,965,608,1432,0.425,171,524,0.326,311,416,0.748,210,828,285,150,67,262,421
314,Texas-RioGrandeValley,19,9,10,0.474,-10.14,-5.74,2,5,8,3,1,6,1376,1287,760,476,1164,0.409,126,429,0.294,298,468,0.637,256,743,289,169,81,281,409
315,Texas-SanAntonio,26,15,11,0.577,-1.39,-0.35,9,7,12,2,2,8,2050,1906,1040,768,1717,0.447,209,625,0.334,305,401,0.761,300,1001,383,161,83,302,475
316,TexasSouthern,23,15,8,0.652,-8.16,-10.93,10,3,8,2,5,6,1715,1611,925,621,1386,0.448,107,384,0.279,366,524,0.698,283,953,285,165,108,371,415
317,TexasState,25,18,7,0.72,-3.87,-7.4,12,3,8,3,9,3,1660,1543,1015,629,1359,0.463,139,366,0.38,263,372,0.707,231,821,331,171,73,332,421
318,TexasTech,27,17,10,0.63,16.52,6.89,9,8,11,4,5,4,1972,1712,1090,686,1549,0.443,168,485,0.346,432,608,0.711,316,948,350,196,110,296,469
319,Texas,25,18,7,0.72,16.18,9.7,11,6,8,5,6,2,1865,1703,1015,656,1449,0.453,218,613,0.356,335,477,0.702,272,966,330,162,97,354,497
320,Toledo,29,21,8,0.724,7.71,-1.39,15,4,12,1,7,5,2367,2103,1175,829,1811,0.458,308,817,0.377,401,515,0.779,310,1096,463,177,71,319,444
321,Towson,18,4,14,0.222,-8.93,-1.43,3,9,4,4,0,6,1214,1349,730,434,1055,0.411,90,311,0.289,256,352,0.727,225,666,170,90,50,224,318
322,Troy,28,11,17,0.393,-11.58,-3.58,4,12,7,4,2,11,1829,1942,1125,636,1596,0.398,171,619,0.276,386,555,0.695,302,1056,320,175,87,417,480
323,Tulane,23,10,13,0.435,1.11,3.68,4,12,6,6,3,6,1470,1529,920,486,1269,0.383,151,507,0.298,347,465,0.746,191,752,269,172,71,258,361
324,Tulsa,23,11,12,0.478,4.33,5.57,7,9,7,5,4,4,1573,1509,920,566,1262,0.448,159,504,0.315,282,416,0.678,204,781,327,146,46,307,379
325,UCLA,26,17,9,0.654,12.46,8.11,13,6,11,1,5,6,1894,1781,1070,686,1485,0.462,173,471,0.367,349,484,0.721,257,910,354,132,69,290,415
326,UtahState,27,20,7,0.741,11.59,0.29,13,4,10,2,5,3,1995,1675,1080,732,1631,0.449,178,525,0.339,353,489,0.722,341,1108,446,188,132,365,411
327,UtahValley,22,11,11,0.5,-4.25,-2.45,9,4,8,4,3,6,1632,1635,885,592,1246,0.475,116,335,0.346,332,526,0.631,239,854,370,115,101,329,431
328,Utah,25,12,13,0.48,9.45,7.13,8,11,8,5,3,7,1803,1745,1010,656,1398,0.469,172,484,0.355,319,403,0.792,185,782,378,136,85,322,419
329,Valparaiso,28,10,18,0.357,-3.81,1.53,7,11,6,6,4,11,1821,1902,1130,660,1576,0.419,189,635,0.298,312,429,0.727,196,920,356,183,97,346,445
330,Vanderbilt,25,9,16,0.36,6.75,7.35,3,13,6,7,2,8,1794,1809,1000,609,1416,0.43,233,667,0.349,343,466,0.736,246,843,318,175,65,346,440
331,Vermont,15,10,5,0.667,2.81,-6.79,10,4,6,3,4,2,1095,951,610,383,828,0.463,116,337,0.344,213,273,0.78,126,524,211,75,39,183,266
332,Villanova,22,16,6,0.727,18.04,9.63,11,4,9,0,4,4,1662,1477,885,581,1291,0.45,203,576,0.352,297,388,0.765,211,755,336,117,32,199,341
333,VirginiaCommonwealth,25,19,6,0.76,12.54,5.38,10,4,12,2,5,3,1799,1620,1005,637,1406,0.453,162,492,0.329,363,477,0.761,233,858,338,236,136,371,467
334,VMI,25,13,12,0.52,0.18,-0.18,7,7,11,1,1,10,2001,1897,1010,706,1517,0.465,270,711,0.38,319,413,0.772,203,963,393,134,75,314,364
335,VirginiaTech,21,15,6,0.714,13.72,7.1,9,4,10,2,3,3,1515,1376,850,534,1183,0.451,173,485,0.357,274,393,0.697,198,738,302,100,83,245,338
336,Virginia,24,18,6,0.75,16.72,8.55,13,4,10,1,6,3,1647,1451,965,608,1266,0.48,204,535,0.381,227,278,0.817,157,762,335,118,104,226,310
337,Wagner,20,13,7,0.65,-3.33,-5.88,13,5,7,3,6,4,1425,1374,815,533,1205,0.442,117,368,0.318,242,337,0.718,247,713,258,147,51,246,406
338,WakeForest,22,6,16,0.273,2.77,9.1,3,15,5,6,1,9,1458,1583,885,501,1222,0.41,195,562,0.347,261,359,0.727,198,718,252,136,48,300,365
339,WashingtonState,27,14,13,0.519,5.9,4.71,7,12,11,5,3,6,1853,1821,1110,633,1539,0.411,208,610,0.341,379,534,0.71,304,1027,328,167,95,412,496
340,Washington,26,5,21,0.192,-0.47,9.27,4,16,4,7,1,9,1759,2012,1040,641,1513,0.424,197,593,0.332,280,397,0.705,213,811,280,158,94,355,472
341,WeberState,23,17,6,0.739,1.99,-6.36,12,3,11,0,6,5,1881,1594,920,656,1300,0.505,193,496,0.389,376,478,0.787,148,754,345,154,69,288,376
342,WestVirginia,27,18,9,0.667,15.89,10.71,11,6,8,5,7,2,2087,1947,1095,711,1660,0.428,196,549,0.357,469,654,0.717,363,1030,373,202,77,328,442
343,WesternCarolina,27,11,16,0.407,-6.88,-1.48,4,13,6,5,4,9,2039,2129,1105,716,1577,0.454,226,662,0.341,381,525,0.726,211,928,359,133,75,382,455
344,WesternIllinois,22,7,15,0.318,-12.69,-4.84,5,9,2,5,4,9,1606,1746,880,550,1362,0.404,157,497,0.316,349,488,0.715,258,839,225,116,67,286,444
345,WesternKentucky,26,20,6,0.769,5.5,-0.07,11,3,11,2,5,3,1917,1772,1045,668,1462,0.457,165,474,0.348,416,528,0.788,272,990,348,172,118,385,369
346,WesternMichigan,21,5,16,0.238,-10.46,-0.16,4,12,2,9,3,7,1325,1511,840,499,1153,0.433,141,427,0.33,186,291,0.639,167,710,245,93,42,305,346
347,WichitaState,20,16,4,0.8,9.84,7.01,11,2,10,2,5,2,1461,1356,810,492,1206,0.408,166,490,0.339,311,448,0.694,246,768,264,120,69,224,315
348,William&Mary,17,7,10,0.412,-10.28,-3.04,4,6,1,3,5,6,1101,1224,685,388,948,0.409,98,342,0.287,227,303,0.749,170,574,183,90,56,232,265
349,Winthrop,24,23,1,0.958,5.16,-7.59,17,1,11,1,10,0,1909,1603,960,674,1463,0.461,203,575,0.353,358,522,0.686,312,966,361,186,57,340,436
350,Wisconsin,29,17,12,0.586,17.92,12.61,10,10,11,5,5,6,2019,1865,1170,711,1689,0.421,248,689,0.36,349,455,0.767,241,972,386,170,110,259,471
351,Wofford,24,15,9,0.625,2.24,0.24,12,5,9,3,6,4,1784,1627,965,646,1374,0.47,246,692,0.355,246,349,0.705,216,829,351,160,48,306,380
352,WrightState,24,18,6,0.75,7.8,-6.74,16,4,9,4,9,2,1967,1618,965,710,1471,0.483,179,484,0.37,368,508,0.724,284,1015,369,141,87,314,328
353,Wyoming,25,14,11,0.56,-1.49,-2.57,5,9,7,5,4,5,1915,1888,1010,649,1442,0.45,251,704,0.357,366,509,0.719,203,816,351,145,54,281,468
354,Xavier,21,13,8,0.619,12.1,7.48,6,7,11,2,2,5,1571,1474,850,589,1285,0.458,162,498,0.325,231,333,0.694,200,792,369,145,85,235,325
355,Yale,0,0,0,,,,0,0,0,0,0,0,,,,,,,,,,,,,,,,,,,
356,YoungstownState,27,15,12,0.556,-8.87,-7.26,9,11,10,5,5,7,2010,1950,1095,717,1672,0.429,186,606,0.307,390,537,0.726,346,991,349,163,44,310,441